"","Column_Name","Non_Zero_Count"
"1","rock",6492
"2","pop",5476
"3","electronic",4453
"4","jazz",3596
"5","united.states",3084
"6","hip.hop",2925
"7","alternative.rock",2752
"8","folk",2598
"9","alternative",2586
"10","soul",2491
"11","pop.rock",2324
"12","blues",2281
"13","country",2215
"14","american",2206
"15","punk",2181
"16","indie",2166
"17","guitar",2163
"18","funk",2008
"19","classic.rock",1985
"20","acoustic",1942
"21","soundtrack",1894
"22","world",1874
"23","experimental",1786
"24","instrumental",1781
"25","metal",1756
"26","hard.rock",1662
"27","latin",1662
"28","reggae",1638
"29","classic",1620
"30","singer.songwriter",1618
"31","downtempo",1605
"32","rap",1604
"33","ambient",1603
"34","vocal",1596
"35","male.vocalist",1577
"36","house",1564
"37","indie.rock",1562
"38","X80s",1546
"39","disco",1530
"40","easy.listening",1499
"41","electro",1471
"42","hardcore",1447
"43","ballad",1365
"44","female.vocalist",1361
"45","electronica",1337
"46","r.b",1328
"47","germany",1311
"48","techno",1308
"49","X90s",1267
"50","folk.rock",1227
"51","heavy.metal",1163
"52","chill.out",1158
"53","synthpop",1151
"54","blues.rock",1127
"55","soft.rock",1103
"56","new.wave",1074
"57","dub",1045
"58","oldies",1013
"59","classical",1000
"60","psychedelic",974
"61","X70s",965
"62","beautiful",929
"63","french",927
"64","trance",914
"65","female",906
"66","dance",904
"67","X60s",886
"68","breakbeat",885
"69","piano",876
"70","funk.soul",865
"71","progressive.rock",864
"72","emo",790
"73","ska",777
"74","country.rock",776
"75","trip.hop",769
"76","X00s",759
"77","california",734
"78","industrial",733
"79","singer",721
"80","smooth.jazz",720
"81","lounge",708
"82","psychedelic.rock",686
"83","gospel",683
"84","chanson",676
"85","swing",654
"86","deep.house",637
"87","cover",632
"88","male",632
"89","progressive",618
"90","christian",606
"91","world.music",601
"92","death.metal",601
"93","grunge",600
"94","fusion",594
"95","urban",590
"96","new.york",589
"97","british",589
"98","los.angeles",581
"99","pop.rap",572
"100","rockabilly",567
"101","club",563
"102","heavy",562
"103","mellow",562
"104","rock..n.roll",551
"105","garage.rock",545
"106","bass",540
"107","noise",533
"108","progressive.house",528
"109","tech.house",524
"110","power.pop",521
"111","latin.jazz",520
"112","europop",512
"113","spanish",510
"114","thrash.metal",506
"115","sexy",490
"116","european",489
"117","dancehall",481
"118","minimal",480
"119","acid.jazz",471
"120","drum.and.bass",469
"121","adult.contemporary",463
"122","christmas.music",460
"123","jazz.funk",456
"124","canada",453
"125","soul.jazz",453
"126","americana",445
"127","italy",444
"128","composer",441
"129","england",426
"130","smooth",422
"131","progressive.trance",422
"132","romantic",419
"133","world.reggae",415
"134","indie.pop",414
"135","melodic",407
"136","comedy",404
"137","black",403
"138","new.age",400
"139","german",398
"140","roots.reggae",394
"141","abstract",392
"142","underground",392
"143","funny",385
"144","black.metal",384
"145","dark",382
"146","bossa.nova",377
"147","political",376
"148","party.music",376
"149","big.band",376
"150","art.rock",376
"151","country.blues",373
"152","southern.rock",372
"153","funky",370
"154","beats",370
"155","roots",369
"156","latin.pop",367
"157","spain",367
"158","british.pop",363
"159","hard.trance",359
"160","group",353
"161","old.school",352
"162","post.rock",352
"163","intelligent.dance.music",348
"164","nederland",345
"165","orchestra",344
"166","texas",343
"167","alternative.pop.rock",343
"168","hardcore.rap",342
"169","future.jazz",337
"170","doom.metal",336
"171","hardcore.punk",330
"172","gothic",329
"173","relax",325
"174","contemporary.jazz",325
"175","samba",324
"176","english",324
"177","big.beat",322
"178","hard.house",320
"179","holiday",320
"180","groove",319
"181","electric.blues",317
"182","X50s",312
"183","alternative.metal",310
"184","celtic",308
"185","traditional",307
"186","ccm",307
"187","salsa",306
"188","female.vocals",304
"189","original",304
"190","gangster.rap",304
"191","metalcore",303
"192","grindcore",301
"193","italian.disco",300
"194","jungle.music",300
"195","bluegrass",299
"196","chicago.blues",299
"197","modern.classical",297
"198","progressive.metal",294
"199","remix",292
"200","doo.wop",291
"201","epic",289
"202","stoner.rock",288
"203","underground.rap",287
"204","gangsta",287
"205","jamaica",282
"206","spiritual",280
"207","song.writer",279
"208","contemporary.christian",278
"209","country.pop",278
"210","underground.hip.hop",276
"211","euro.house",274
"212","east.coast.rap",273
"213","dance.pop",273
"214","avant.garde",272
"215","screamo",272
"216","delta.blues",266
"217","contemporary",261
"218","rock.steady",259
"219","traditional.country",258
"220","alternative.rap",254
"221","london",253
"222","nu.metal",252
"223","alternative.country",251
"224","album.rock",249
"225","producer",249
"226","modern.rock",248
"227","lovers.rock",248
"228","tribal",247
"229","guitarist",243
"230","cool.jazz",242
"231","german.pop",241
"232","neo.soul",241
"233","lo.fi",240
"234","glam.rock",239
"235","dj",238
"236","classic.country",236
"237","solo",236
"238","lyrics",235
"239","japan",234
"240","world.fusion",234
"241","free.jazz",233
"242","beat",230
"243","voice",228
"244","garage",228
"245","belgium",224
"246","melancholia",224
"247","acid",220
"248","canadian",217
"249","modern",217
"250","happy.hardcore",217
"251","spoken.word",215
"252","post.hardcore",213
"253","latino",212
"254","drums",211
"255","texas.blues",211
"256","japanese",210
"257","uk.garage",210
"258","broken.beat",209
"259","power.metal",209
"260","brazilian",208
"261","inspirational",207
"262","post.grunge",206
"263","irish",205
"264","hard.bop",203
"265","christian.rock",201
"266","tribal.house",200
"267","pop.punk",200
"268","chicago",199
"269","aggressive",199
"270","raga",197
"271","crossover",196
"272","contemporary.gospel",195
"273","modern.electric.blues",195
"274","sweden",195
"275","jam",194
"276","conscious",194
"277","contemporary.classical.music",191
"278","worship.music",191
"279","glam",190
"280","mambo",190
"281","ragtime",189
"282","brazil",188
"283","hip.house",187
"284","jazz.fusion",186
"285","praise...worship",184
"286","melodic.death.metal",184
"287","classic.blues",183
"288","piano.blues",182
"289","neoclassical",182
"290","film.music",182
"291","brazilian.pop.music",181
"292","guitar.virtuoso",181
"293","rumba",180
"294","emotional",180
"295","french.pop",180
"296","louisiana.blues",179
"297","jazz.rock",179
"298","roots.rock",178
"299","flamenco",176
"300","club.dance",176
"301","gothic.rock",175
"302","finish",172
"303","original.score",172
"304","honky.tonk",171
"305","tango",171
"306","vocalist",169
"307","old",169
"308","gothic.metal",168
"309","chanson.francaise",168
"310","eurodance",168
"311","ethnic",168
"312","meditation",166
"313","southern.soul",165
"314","swedish",165
"315","up.beat",164
"316","diva",164
"317","deep",163
"318","slow",161
"319","argentina",160
"320","freestyle",159
"321","bebop",159
"322","mexico",158
"323","detroit",157
"324","west.coast.rap",156
"325","new.beat",156
"326","industrial.metal",155
"327","vocal.jazz",154
"328","humorous",154
"329","motown",154
"330","dark.ambient",154
"331","lyrical",153
"332","shoegaze",152
"333","northern.soul",149
"334","opera",149
"335","reggae.pop",148
"336","parody",148
"337","nu.jazz",147
"338","country.music",146
"339","saxophone",146
"340","gabba",146
"341","tennessee",144
"342","soft",144
"343","synth",144
"344","contemporary.country",143
"345","southern",143
"346","glitch",143
"347","powerful",143
"348","experimental.rock",141
"349","energetic",141
"350","ebm",140
"351","electropop",140
"352","blue.eyed.soul",139
"353","cumbia",139
"354","dance.rock",139
"355","harmonica.blues",138
"356","east.coast",138
"357","acoustic.blues",137
"358","retro",137
"359","surf.music",137
"360","dreamy",137
"361","brutal.death.metal",136
"362","post.bop",136
"363","dubstep",135
"364","breakcore",135
"365","calypso",134
"366","tropical",134
"367","folk.pop",133
"368","rock.en.espanol",133
"369","stand.up.comedy",131
"370","jazz.vocal",131
"371","moje.standards",131
"372","afrobeat",130
"373","rasta",130
"374","hardstyle",129
"375","southern.gospel",128
"376","chinese.music",128
"377","psychedelic.trance",128
"378","accordion",127
"379","neofolk",126
"380","protopunk",126
"381","punk.pop",125
"382","black.gospel",124
"383","hair.metal",124
"384","ost",123
"385","chinese",122
"386","rave",121
"387","soulful",121
"388","indietronica",121
"389","florida",120
"390","cpop",119
"391","western.swing",119
"392","mod",119
"393","songs",118
"394","alternative.hip.hop",118
"395","speed.metal",118
"396","ethereal",117
"397","X40s",117
"398","praise",116
"399","loud",115
"400","space.rock",114
"401","new.orleans",114
"402","country.gospel",112
"403","symphonic.rock",112
"404","folk.metal",112
"405","italian",111
"406","international",111
"407","acid.house",111
"408","melodic.metal",111
"409","religious.music",111
"410","mondiovision",111
"411","sad",111
"412","free.improvisation",110
"413","spanish.rock",109
"414","alternative.pop",109
"415","musette",109
"416","instrumental.rock",109
"417","ethnic.fusion",108
"418","orchestral.pop",108
"419","chicago.soul",107
"420","radio",107
"421","stoner",107
"422","piedmont.blues",107
"423","percussion",106
"424","fast",106
"425","mississippi",106
"426","berlin",105
"427","psychobilly",104
"428","sludge",103
"429","africa",102
"430","irish.folk",102
"431","west.coast",102
"432","contemporary.instrumental",102
"433","african",101
"434","glam.metal",101
"435","poetry",101
"436","greek",101
"437","old.school.hip.hop",101
"438","christian.pop",101
"439","comedian",101
"440","trumpet",100
"441","angry",100
"442","ska.punk",100
"443","scandinavia",100
"444","new.york.city",100
"445","garage.house",99
"446","brutal",99
"447","brazilian.jazz",99
"448","afro.cuban",99
"449","cuban",99
"450","j.pop",99
"451","switzerland",98
"452","ireland",97
"453","duo",97
"454","caribbean",97
"455","crossover.jazz",97
"456","space.age.pop",96
"457","oi",96
"458","raw",96
"459","punk.revival",96
"460","acoustic.guitar",95
"461","jamaican",95
"462","america",95
"463","cabaret",95
"464","adult.alternative",94
"465","turnablism",94
"466","mexican",93
"467","afro.cuban.jazz",93
"468","rapcore",93
"469","teen.pop",93
"470","grime",93
"471","traditional.pop",93
"472","contemporary.blues",93
"473","movie",92
"474","symphonic.metal",92
"475","hong.kong",92
"476","merengue",91
"477","dixieland",91
"478","brill.building.pop",91
"479","quiet.storm",91
"480","groovy",90
"481","bass.music",90
"482","poland",89
"483","violin",89
"484","X30s",89
"485","rock.argentina",89
"486","musica",88
"487","boston",88
"488","kraut.rock",88
"489","baroque",88
"490","jam.band",88
"491","vaudeville",88
"492","latin.rock",87
"493","charanga",87
"494","francophone",86
"495","nashville",86
"496","spanish.pop",85
"497","uplifting",85
"498","chinese.pop",85
"499","gypsy.jazz",85
"500","jump.blues",85
"501","funk.rock",85
"502","bolero",84
"503","boogaloo",84
"504","college.rock",84
"505","british.blues",84
"506","nashville.sound",84
"507","flute",84
"508","reggaeton",83
"509","aor",83
"510","harmonica",83
"511","mix",83
"512","dancehall.reggae",83
"513","east.coast.hip.hop",82
"514","christian.music",82
"515","extreme.metal",82
"516","dark.wave",82
"517","melodic.hardcore",82
"518","western",82
"519","emocore",82
"520","soul.blues",81
"521","noise.rock",81
"522","nepal",81
"523","sympho.black.metal",78
"524","game",78
"525","melodic.black.metal",78
"526","traditional.folk",78
"527","old.timey",78
"528","brooklyn",78
"529","dirty.south.rap",77
"530","vocal.pop",77
"531","italian.dance",77
"532","ghetto.tech",77
"533","new.jack.swing",76
"534","all.female",76
"535","emusic",76
"536","mariachi",76
"537","arena.rock",76
"538","cantonese",76
"539","movie.score.composer",75
"540","technical",75
"541","dance.punk",75
"542","alternative.dance",75
"543","exotica",74
"544","shock.rock",74
"545","lusofonia",74
"546","cuba",74
"547","taiwan",73
"548","country.folk",73
"549","X20th.century",73
"550","stoner.metal",73
"551","slide",72
"552","jazzdance",72
"553","gaita",72
"554","banjo",72
"555","film.score.composer",72
"556","contemporary.folk",71
"557","american.underground",71
"558","british.invasion",71
"559","norwegian",71
"560","calming",71
"561","grind",71
"562","east.coast.blues",71
"563","eclectic",70
"564","instrumental.pop",70
"565","north.carolina",70
"566","cajun",70
"567","fiddle",70
"568","drone",70
"569","pop.folk",70
"570","fresh",69
"571","swamp.rock",69
"572","indian",69
"573","world.beat",69
"574","electroclash",68
"575","close.harmony",68
"576","russia",68
"577","rock.nacional",68
"578","pianist",68
"579","soca",68
"580","blues.guitar",68
"581","film.score",68
"582","british.punk.rock",67
"583","pop.metal",67
"584","dream",67
"585","mediaeval",67
"586","street.punk",67
"587","mandarin",67
"588","viking.metal",67
"589","louisiana",67
"590","celtic.folk",66
"591","melodic.rock",66
"592","india",66
"593","argentinian",65
"594","psychedelia",65
"595","virtuoso",65
"596","video.game.music",64
"597","bhangra",64
"598","neue.deutsche.welle",64
"599","humppa",64
"600","zouk",64
"601","southern.rap",64
"602","symphony",63
"603","modern.country",63
"604","symphonic",63
"605","pretty",63
"606","san.francisco",63
"607","bounce",62
"608","free",62
"609","eurovision",62
"610","math.rock",62
"611","new.jersey",62
"612","cantonese.pop",61
"613","improvisational",61
"614","industrial.rock",61
"615","crunk",61
"616","vocal.house",60
"617","noise.core",60
"618","string",60
"619","traditional.gospel",60
"620","twee",59
"621","batucada",59
"622","jazz.pop",59
"623","goa",59
"624","contemporary.reggae",59
"625","illinois",59
"626","gramusels.bluesrock",58
"627","vocal.trance",58
"628","soukous",58
"629","massachusetts",58
"630","heartland.rock",58
"631","sludge.metal",58
"632","electric",58
"633","old.school.rap",58
"634","jazz.blues",58
"635","cowboy",57
"636","uk",57
"637","tejano",57
"638","german.hip.hop",57
"639","digital.hardcore",56
"640","zydeco",56
"641","influential",56
"642","children.music",55
"643","dream.pop",55
"644","straight.edge",55
"645","hardcore.hip.hop",55
"646","X80s.metal",55
"647","funk.metal",55
"648","psychedelic.chill",54
"649","jug.band",54
"650","dub.techno",54
"651","new.romantic",54
"652","horror.punk",53
"653","male.country",53
"654","sensual",53
"655","freakbeat",53
"656","hymns",53
"657","puerto.rico",53
"658","american.trad.rock",53
"659","chamber.jazz",53
"660","chess.records",53
"661","swiss",53
"662","twee.pop",52
"663","death.core",52
"664","christian.woman",52
"665","rap.rock",52
"666","skinhead",52
"667","hypnotic",52
"668","american.punk",51
"669","electronic.music",51
"670","san.francisco.bay.area",51
"671","relaxation",51
"672","metal.punk",51
"673","X77.style.punk",50
"674","standard",50
"675","show.tunes",50
"676","connecticut",50
"677","new.traditionalist.country",50
"678","island.music",50
"679","norway",50
"680","jazz.guitar",50
"681","karaoke",50
"682","female.fronted.metal",49
"683","desi",49
"684","cuban.jazz",49
"685","illbient",49
"686","garage.punk",49
"687","technical.death.metal",49
"688","dutch",49
"689","harp",48
"690","experimental.pop",48
"691","philadelphia",48
"692","modern.jazz",48
"693","colombia",48
"694","ohio",48
"695","electric.texas.blues",48
"696","smooth.soul",48
"697","rhythm.noise",48
"698","french.rock",48
"699","organ",47
"700","pagan.metal",47
"701","punk.metal",47
"702","afropop",47
"703","golden.age",47
"704","sxsw.2007",47
"705","frevo",46
"706","speed.garage",46
"707","bel.canto",46
"708","latin.music",46
"709","jrock",46
"710","intense",46
"711","argentinos",46
"712","rap.metal",46
"713","movie.soundtrack",46
"714","dance.music",46
"715","healing",45
"716","celtic.rock",45
"717","hardcore.techno",45
"718","hip.pop",45
"719","pop.soul",45
"720","rare.groove",45
"721","german.rap",45
"722","alternative.punk.rock",45
"723","quebec",45
"724","euro.trance",44
"725","georgia",44
"726","serialism",44
"727","acoustic.rock",44
"728","rio.de.la.plata",44
"729","master",44
"730","scotland",44
"731","michigan",44
"732","deathrock",43
"733","suomi.rock",43
"734","broadway",43
"735","movie.score",43
"736","regional.mexican",43
"737","punjabi",43
"738","china",42
"739","congo",42
"740","jazz.rap",42
"741","nouvelle.scene.francaise",42
"742","guitar.blues",42
"743","beach.music",42
"744","sentimental",42
"745","africosmic",42
"746","gypsy",42
"747","indie.folk",42
"748","romantic.music",41
"749","horrorcore",41
"750","harmony",41
"751","moody",41
"752","comedy.central",41
"753","scottish",41
"754","seattle",41
"755","taiwanese",41
"756","progressive.electronic",41
"757","heavy.rock",40
"758","girl.power",40
"759","energy",40
"760","modern.composition",40
"761","modern.worship",40
"762","X60s.pop",40
"763","brazilian.music",40
"764","roots.and.culture",40
"765","quiet",40
"766","rock.latin",40
"767","buddamat",39
"768","posi",39
"769","national.socialist.black.metal",39
"770","lullaby",39
"771","keyboard",39
"772","passionate",39
"773","g.funk",39
"774","turkish",39
"775","goa.trance",39
"776","musical.theater",38
"777","speedcore",38
"778","peaceful",38
"779","drummer",38
"780","folk.revival",38
"781","polka",38
"782","miami",38
"783","traditional.irish.folk",38
"784","female.fronted",37
"785","skate.punk",37
"786","blackened.death.metal",37
"787","guitar.hero",37
"788","traditional.irish",37
"789","electro.acoustic",37
"790","mainstream.jazz",37
"791","X80s.hair.metal",37
"792","minnesota",37
"793","desi.artist",37
"794","ranchera",36
"795","british.rock",36
"796","jazz.piano",36
"797","cha.cha.cha",36
"798","sophisticated",36
"799","scandinavian.metal",36
"800","new.traditionalist",36
"801","math.core",36
"802","ndw",36
"803","pop.underground",36
"804","electric.chicago.blues",36
"805","male.solo.artist",36
"806","pennsylvania",35
"807","melodic.metalcore",35
"808","countrypolitan",35
"809","alternative.folk",35
"810","visual.kei",35
"811","folklore",35
"812","rock.francais",35
"813","goregrind",35
"814","sleaze",35
"815","old.blues",35
"816","new.zealand",35
"817","tech.metal",35
"818","love.song",35
"819","kids",34
"820","melbourne",34
"821","synth.punk",34
"822","psychedelic.ambient",34
"823","gospel.jams",34
"824","anime",34
"825","pop.country",34
"826","piano.jazz",34
"827","political.rap",34
"828","haunting",34
"829","finnish.lyrics",34
"830","cello",34
"831","requiem",34
"832","quartet",34
"833","church",33
"834","latina",33
"835","modern.folk",33
"836","disco.house",33
"837","boogie",33
"838","venezuela",33
"839","am.pop",33
"840","eurobeat",33
"841","north.america",33
"842","instrumental.hip.hop",33
"843","intelligent",33
"844","punjabi.bhangra",33
"845","mestizo",33
"846","francophonic",33
"847","country.divas",32
"848","warm",32
"849","choro",32
"850","power.violence",32
"851","piano.rock",32
"852","soothing",32
"853","old.school.hardcore",32
"854","choir",32
"855","trippy",32
"856","progressive.country",32
"857","boogie.woogie",32
"858","old.country",32
"859","classical.crossover",31
"860","high.school",31
"861","dark.metal",31
"862","mento",31
"863","discover",31
"864","crooner",31
"865","avantgarde.metal",31
"866","innovative",31
"867","X70s.rock",31
"868","ninja.tune",31
"869","funky.house",31
"870","memphis.blues",31
"871","memphis",31
"872","patriotic",30
"873","detroit.techno",30
"874","freak.zone",30
"875","alabama",30
"876","trip.rock",30
"877","latin.america",30
"878","nacional",30
"879","bluesy",30
"880","bashment",30
"881","chamber.pop",30
"882","denmark",30
"883","deathgrind",30
"884","riot.grrrl",30
"885","washington",30
"886","pop.latino",30
"887","modern.laika",29
"888","golden.oldies",29
"889","fusion.jazz",29
"890","new.orleans.blues",29
"891","rousing",29
"892","concerto",29
"893","oriental",29
"894","ctt",29
"895","catalan",29
"896","dallas",28
"897","shaman",28
"898","groove.metal",28
"899","swamp.blues",28
"900","rock.en.tu.idioma",28
"901","rock.against.communism",28
"902","thrash.core",28
"903","soprano",28
"904","jah",28
"905","modern.blues",28
"906","field.recording",28
"907","late.night",28
"908","sleaze.rock",28
"909","ragamuffin",28
"910","clever",28
"911","finnish.rock",28
"912","tenor",28
"913","jazz.instrumental",28
"914","chorus",28
"915","guitar.god",27
"916","texas.country",27
"917","banda",27
"918","unamerican",27
"919","electro.rock",27
"920","chiptune",27
"921","nature",27
"922","canto",27
"923","midwest.rap",27
"924","boogie.rock",27
"925","power.electronics",27
"926","latin.rap",27
"927","minimal.techno",27
"928","indie.hip.hop",27
"929","cult",27
"930","south.asian.roots",27
"931","bulgarian",27
"932","extreme",26
"933","strings",26
"934","german.artist",26
"935","white.power",26
"936","urban.folk",26
"937","third.wave.ska.revival",26
"938","us.metal",26
"939","choral.music",26
"940","cinematic",26
"941","iskelma",26
"942","X80s.rock",26
"943","progressive.death.metal",26
"944","marimba",26
"945","fingerstyle",26
"946","argentine.rock",26
"947","urban.gospel",26
"948","boy.band",26
"949","rusbeh",26
"950","houston",26
"951","madchester",26
"952","larrau",25
"953","native.american",25
"954","hyphy",25
"955","kingston",25
"956","creative.commons",25
"957","mysterious",25
"958","raw.black.metal",25
"959","chillosophy",25
"960","portugese",25
"961","irish.trad.folk",25
"962","chamber.music",25
"963","hippie",25
"964","freak.folk",25
"965","bollywood",25
"966","electro.house",25
"967","rhumba",25
"968","fm4",25
"969","X90s.rock",25
"970","barcelona",24
"971","sunshine.pop",24
"972","virginia",24
"973","political.punk",24
"974","electro.dub",24
"975","organic",24
"976","a.cappella",24
"977","garage.rock.revival",24
"978","smooth.reggae",24
"979","theater",24
"980","patchanka",24
"981","finnish.pop",24
"982","forro",24
"983","congolese",24
"984","czech.republic",24
"985","evangelica",24
"986","X90s.pop",24
"987","opera.singer",24
"988","downbeat",24
"989","greece",24
"990","missouri",24
"991","blues.guitarist",24
"992","modern.electric.chicago.blues",24
"993","deutsch.hiphop",24
"994","pagan",24
"995","colorado",23
"996","stax",23
"997","outlaw.country",23
"998","bonnaroo",23
"999","soul.music",23
"1000","deutschsprachig",23
"1001","celtic.fusion",23
"1002","detroit.rock",23
"1003","contemporary.celtic",23
"1004","female.country",23
"1005","trova",23
"1006","depressive.black.metal",23
"1007","hard.n.heavy",23
"1008","X80s.pop",23
"1009","dubtronica",23
"1010","tex.mex",23
"1011","idol",22
"1012","net.label",22
"1013","swamp.pop",22
"1014","fr",22
"1015","bagpipe",22
"1016","colombian",22
"1017","sxsw.2009",22
"1018","gaycore",22
"1019","mashup",22
"1020","eurovision.song.contest",22
"1021","slide.guitar.blues",22
"1022","psychedelic.dub",22
"1023","vallenato",22
"1024","hamburg",22
"1025","tff.rudolstadt",22
"1026","no.wave",22
"1027","bachata",22
"1028","ragga.jungle",22
"1029","trio",22
"1030","folktronica",22
"1031","bubblegum",21
"1032","texas.music",21
"1033","progressive.jazz",21
"1034","buenos.aires",21
"1035","montreal",21
"1036","last.fm",21
"1037","christian.metal",21
"1038","north.east",21
"1039","oakland",21
"1040","space.age",21
"1041","reflective",21
"1042","solo.artist",21
"1043","duet",21
"1044","emo.violence",21
"1045","horror.music",21
"1046","hit",21
"1047","renaissance",21
"1048","brass.band",21
"1049","klezmer",21
"1050","creole",21
"1051","intellectual",21
"1052","chalga",21
"1053","game.music",20
"1054","country.and.western",20
"1055","nu.soul",20
"1056","classic.female.blues",20
"1057","pagan.black.metal",20
"1058","portugal",20
"1059","light",20
"1060","miami.bass",20
"1061","salsa.colombiana",20
"1062","college",20
"1063","noise.pop",20
"1064","legends",20
"1065","rap.us",20
"1066","pop.reggae",20
"1067","ethno",20
"1068","urban.blues",20
"1069","newark",20
"1070","anarcho.punk",20
"1071","castellano",20
"1072","musica.instrumental.brasileira",20
"1073","latin.funk",20
"1074","balkan",20
"1075","experimental.electronic",19
"1076","riddim",19
"1077","slovak",19
"1078","boleros",19
"1079","frenchcore",19
"1080","glasgow",19
"1081","new.york.punk",19
"1082","soundtrack.composer",19
"1083","edm",19
"1084","nordic",19
"1085","conductor",19
"1086","ontario",19
"1087","mestizaje",19
"1088","cdbaby",19
"1089","X60s.rock",19
"1090","melodic.punk",19
"1091","rastafari",19
"1092","poetic",19
"1093","christian.hardcore",19
"1094","bubblegum.pop",19
"1095","son.cubano",19
"1096","one.hit.wonder",19
"1097","queen",19
"1098","club.music",19
"1099","harmonies",19
"1100","madrid",19
"1101","crust",19
"1102","latin.folk",19
"1103","strange",18
"1104","hindi",18
"1105","melodic.hard.rock",18
"1106","cyberpunk",18
"1107","christian.rap",18
"1108","zaire",18
"1109","slide.guitar",18
"1110","hillbilly",18
"1111","spanish.music",18
"1112","supergroup",18
"1113","earth",18
"1114","ferclasica",18
"1115","ladies",18
"1116","guaracha",18
"1117","kizomba",18
"1118","coldwave",18
"1119","paris",18
"1120","french.60s",18
"1121","indiana",18
"1122","uptown.soul",18
"1123","laid.back",18
"1124","drinking.music",18
"1125","new.weird.america",18
"1126","arabic",18
"1127","vintage",18
"1128","yeah",18
"1129","death.thrash.metal",18
"1130","blues.revival",17
"1131","suomipop",17
"1132","mozart",17
"1133","rnb.chiqs",17
"1134","X20th.century.classical",17
"1135","hard.dance",17
"1136","sexy.female.vocals",17
"1137","punk.hardcore",17
"1138","fox",17
"1139","lambada",17
"1140","mood.music",17
"1141","wicked",17
"1142","american.roots",17
"1143","rap...hip.hop",17
"1144","galiza",17
"1145","psychedelic.pop",17
"1146","dramatic",17
"1147","acid.rock",17
"1148","columbia",17
"1149","mainstream",17
"1150","peru",17
"1151","british.folk",17
"1152","classic.jazz",17
"1153","soundscape",17
"1154","en.espanol",17
"1155","christian.hip.hop",17
"1156","death.doom.metal",17
"1157","anticon",17
"1158","hardcore.metal",17
"1159","french.folk",17
"1160","post.core",17
"1161","arizona",17
"1162","south",17
"1163","american.metal",17
"1164","west.coast.hip.hop",17
"1165","new.york.salsa",17
"1166","X78rpm",17
"1167","chicago.house",17
"1168","waltz",17
"1169","new.rave",17
"1170","family.act",17
"1171","ambient.black.metal",17
"1172","hawaiian",17
"1173","puerto.rican",17
"1174","yodel",16
"1175","new.york.hardcore",16
"1176","neo.classical.metal",16
"1177","korean",16
"1178","uk.hardcore",16
"1179","israel",16
"1180","confident",16
"1181","feel.good",16
"1182","evil",16
"1183","canton.music",16
"1184","christian.metalcore",16
"1185","blues.harmonica",16
"1186","hk.pop",16
"1187","solo.piano",16
"1188","earthy",16
"1189","finnish.heavy.metal",16
"1190","country.female",16
"1191","epic.metal",16
"1192","zouklove",16
"1193","melodic.trance",16
"1194","soundtrack.scores",16
"1195","turkish.pop",16
"1196","girl.rock",16
"1197","moshcore",16
"1198","new.country",15
"1199","jazz.latino",15
"1200","cleveland",15
"1201","jazz.hip.hop",15
"1202","poignant",15
"1203","dub.reggae",15
"1204","fat.possum",15
"1205","pop.en.espanol",15
"1206","mali",15
"1207","sxsw.2006",15
"1208","andalucia",15
"1209","psychedelic.soul",15
"1210","space.music",15
"1211","mississippi.blues",15
"1212","rio.de.janeiro",15
"1213","german.rock",15
"1214","skinhead.reaggae",15
"1215","danish",15
"1216","bulgaria",15
"1217","beautiful.voices",15
"1218","prewar.blues",15
"1219","political.reggae",15
"1220","tijuana",15
"1221","christian.soul",15
"1222","queens",15
"1223","sludge.core",15
"1224","spanish.folk",15
"1225","hatecore",15
"1226","japanese.music",15
"1227","psychedelic.folk",15
"1228","latin.dance",15
"1229","guitar.gods",14
"1230","gospel.soul",14
"1231","batcave.deathrock",14
"1232","modern.creative",14
"1233","brass",14
"1234","free.music",14
"1235","power.noise",14
"1236","old.school.soul",14
"1237","manchester",14
"1238","bbc.introducing",14
"1239","netaudio",14
"1240","X2.tone",14
"1241","washington.dc",14
"1242","sacramento",14
"1243","slow.core",14
"1244","south.african",14
"1245","maryland",14
"1246","ballet",14
"1247","chant",14
"1248","jangle.pop",14
"1249","modern.acoustic.blues",14
"1250","old.fashioned",14
"1251","central.africa",14
"1252","horns",14
"1253","gospel.choir",14
"1254","achingly.intelligent",14
"1255","ecm.records",14
"1256","ambient.dub",14
"1257","emo.pop",14
"1258","classic.hip.hop",14
"1259","arabesque",14
"1260","modern.electric.texas.blues",14
"1261","fir",14
"1262","skiffle",13
"1263","chaotic...hardcore",13
"1264","artiste.francais",13
"1265","zommetal",13
"1266","west.coast.blues",13
"1267","caracarai",13
"1268","skacore",13
"1269","uk.punk",13
"1270","hi.fidelity",13
"1271","intimate",13
"1272","christian.praise.and.worship",13
"1273","doomcore",13
"1274","bad.taste",13
"1275","roraima",13
"1276","poet",13
"1277","classical.piano",13
"1278","jumpstyle",13
"1279","anarchy",13
"1280","rock.castellano",13
"1281","futurepop",13
"1282","rapper",13
"1283","corridos",13
"1284","classic.punk",13
"1285","early.music",13
"1286","bagpipes",13
"1287","plena",13
"1288","brazilian.folk",13
"1289","beethoven",13
"1290","wave",13
"1291","net.labels.music",13
"1292","classical.guitar",13
"1293","concert",13
"1294","experimental.metal",13
"1295","punk.new.wave",13
"1296","boa.vista",13
"1297","artist",13
"1298","qawwali",13
"1299","spanish.guitar",13
"1300","mucajai",13
"1301","francaise.chanson",13
"1302","new.orleans.jazz",13
"1303","weblabel",13
"1304","blaxploitation",13
"1305","old.school.punk",13
"1306","south.africa",13
"1307","protest",13
"1308","industrial.dance",13
"1309","babygrande",13
"1310","brazilian.rock",13
"1311","spanish.pop.rock",12
"1312","disney.music",12
"1313","X80s.pop.espanol",12
"1314","folkish",12
"1315","experimental.hip.hop",12
"1316","euro.disco",12
"1317","cowpunk",12
"1318","beatport.download",12
"1319","innerearmedia",12
"1320","toronto",12
"1321","african.folk",12
"1322","dada",12
"1323","sxsw.2008",12
"1324","blackz",12
"1325","synthesizer",12
"1326","desert.rock",12
"1327","nwobhm",12
"1328","party.rap",12
"1329","salsa.cubana",12
"1330","west.side",12
"1331","norcal",12
"1332","pop.espanol",12
"1333","battle.rap",12
"1334","blackened.thrash.metal",12
"1335","jig",12
"1336","finnish.punk",12
"1337","norteno",12
"1338","neoclassic",12
"1339","prog.folk",12
"1340","duyster",12
"1341","bongo",12
"1342","baroque.pop",12
"1343","kricamorena",12
"1344","murga",12
"1345","electro.funk",12
"1346","blues.singer",12
"1347","classical.pop",12
"1348","spanish.new.wave",12
"1349","mystical",12
"1350","female.opera.singer",12
"1351","jive",11
"1352","spanish.hip.hop",11
"1353","rumba.cubana",11
"1354","french.artist",11
"1355","electric.delta.blues",11
"1356","bar.band",11
"1357","wales",11
"1358","boisterous",11
"1359","birmingham",11
"1360","genious",11
"1361","instrumental.music",11
"1362","kpop",11
"1363","X80s.hardcore",11
"1364","argentinian.rock",11
"1365","serbia",11
"1366","true.black.metal",11
"1367","cuddlecore",11
"1368","guitar.rock",11
"1369","creepy",11
"1370","celtic.metal",11
"1371","christian.jazz",11
"1372","terrascopic",11
"1373","score.composer",11
"1374","galego",11
"1375","irish.rock",11
"1376","wxxl",11
"1377","latvia",11
"1378","comedy.rock",11
"1379","nocturnal",11
"1380","sacred",11
"1381","female.singer.songwriter",11
"1382","X8.bit",11
"1383","progressive.psychedelic.trance",11
"1384","west.african",11
"1385","italian.opera",11
"1386","carnival",11
"1387","chicano",11
"1388","arkansas",11
"1389","samba.rock",11
"1390","headbangers.ball",11
"1391","kbd",11
"1392","scream",11
"1393","cheerful",11
"1394","neo.progressive",11
"1395","catalonia",11
"1396","freedom",11
"1397","west.coast.jazz",11
"1398","latin.soul",11
"1399","rumba.catalana",11
"1400","guitar.jazz",11
"1401","luzern",11
"1402","sxsw.2005",11
"1403","mexican.pop",11
"1404","long.island",11
"1405","radioparadise",11
"1406","sing.along",11
"1407","winnipeg.folk.fest.2008",11
"1408","X90s.country",11
"1409","talented.ladies",11
"1410","hip.hop.underground",11
"1411","dirty.rap",11
"1412","solo.country.acts",11
"1413","hair.and.glam.metal",10
"1414","indie.rap",10
"1415","blues.guitar.women",10
"1416","wistful",10
"1417","hamburger.schule",10
"1418","jazz.divas",10
"1419","celtic.music",10
"1420","nortena",10
"1421","acoustic.jam",10
"1422","percussionist",10
"1423","minimal.synth",10
"1424","dhr",10
"1425","sample",10
"1426","brasil.instrumental",10
"1427","fantasy",10
"1428","deutscher.sprechgesang",10
"1429","X60s.garage",10
"1430","ambient.pop",10
"1431","terror",10
"1432","african.soul",10
"1433","progressive.bluegrass",10
"1434","taiwanese.pop",10
"1435","electric.guitar",10
"1436","rock.70s",10
"1437","goldenbird",10
"1438","female.artist",10
"1439","ecuador",10
"1440","death.black.metal",10
"1441","peace.punk",10
"1442","surreal",10
"1443","vibraphone",10
"1444","gloomy",10
"1445","space.ambient",10
"1446","jam.music",10
"1447","bayou.funk",10
"1448","greek.music",10
"1449","us.power.metal",10
"1450","divas.international",10
"1451","horror.rock",10
"1452","hammond.organ",10
"1453","btvs",10
"1454","nrg",10
"1455","russian.metal",10
"1456","orient",10
"1457","dulce",10
"1458","skram",10
"1459","new.zealand.music",10
"1460","punjabi.folk",10
"1461","dublin",10
"1462","jangle",10
"1463","vaudeville.blues",10
"1464","german.metal",10
"1465","variationen",10
"1466","jamendo",10
"1467","cock.rock",10
"1468","contemporary.flamenco",10
"1469","abstract.hip.hop",10
"1470","durham",10
"1471","canadian.rock",10
"1472","introspective",10
"1473","brooding",10
"1474","conga",10
"1475","tribute",10
"1476","turkey",10
"1477","ironic",10
"1478","dream.house",10
"1479","early.reggae",10
"1480","mosh",10
"1481","gothic.punk",10
"1482","nuggets",10
"1483","story",10
"1484","british.metal",10
"1485","X80s.country",10
"1486","scratch",10
"1487","timba",10
"1488","new.blues",10
"1489","cerebral",10
"1490","gramophone",10
"1491","soft.music",10
"1492","nomasde",10
"1493","emo.rock",10
"1494","halloween",10
"1495","roots.rock.reggae",10
"1496","greek.pop",10
"1497","jazz.trio",10
"1498","finnish.hardcore",10
"1499","ukraine",10
"1500","bassist",10
"1501","kvlt",10
"1502","torch.song",10
"1503","vibrations.2007",10
"1504","galicia",10
"1505","nu.skool.breaks",9
"1506","mexican.folk",9
"1507","milwaukee",9
"1508","musique.concrete",9
"1509","afro",9
"1510","acousmatic",9
"1511","trombone",9
"1512","entartete.musik",9
"1513","spanish.lyrics",9
"1514","doomsdope",9
"1515","country.worship",9
"1516","black.music",9
"1517","punk.rock.argentino",9
"1518","old.school.thrash.metal",9
"1519","winnipeg",9
"1520","macedonia",9
"1521","middle.east",9
"1522","woodstock",9
"1523","in.spanish",9
"1524","hawaii",9
"1525","catholic",9
"1526","womad",9
"1527","french.female",9
"1528","electro.industrial",9
"1529","musica.argentina",9
"1530","female.solo",9
"1531","satire",9
"1532","funeral.doom",9
"1533","flevo.festival",9
"1534","tenor.sax",9
"1535","jacksonville",9
"1536","sci.fi",9
"1537","X70s.country",9
"1538","italian.rap",9
"1539","romania",9
"1540","experimental.techno",9
"1541","midlands",9
"1542","lucerne",9
"1543","little.jig.records",9
"1544","twang",9
"1545","cathartic",9
"1546","deutsche.schlager",9
"1547","neo.punk",9
"1548","tranqui",9
"1549","folk.galego",9
"1550","avant.garde.jazz",9
"1551","soul.and.funk",9
"1552","lounge.music",9
"1553","spanish.punk",9
"1554","juke.joint.blues",9
"1555","folk.black.metal",9
"1556","experimental.music",9
"1557","troubadour",9
"1558","eurosong",9
"1559","art.punk",9
"1560","drill.n.bass",9
"1561","tech.trance",9
"1562","rhode.island",9
"1563","san.antonio",9
"1564","joululaulut",9
"1565","surrealism",9
"1566","hurban",9
"1567","german.lyrics",9
"1568","st..louis",9
"1569","antifa",9
"1570","pernambuco",9
"1571","mid.west",9
"1572","punk.blues",9
"1573","straight.edge.hardcore",9
"1574","argentine",9
"1575","argentina.rock",9
"1576","female.rock",9
"1577","romani",9
"1578","power.trio",9
"1579","aftermath",9
"1580","sonata",9
"1581","morning.music",9
"1582","little.jig",9
"1583","uplifting.trance",9
"1584","ambient.techno",8
"1585","new.school",8
"1586","unsigned",8
"1587","oregon",8
"1588","insane",8
"1589","rock.opera",8
"1590","nintendocore",8
"1591","cybergrind",8
"1592","ost.games",8
"1593","salsa.romantica",8
"1594","horn",8
"1595","classic.soul",8
"1596","terrorcore",8
"1597","deutsche.texte",8
"1598","christian.folk",8
"1599","argento.rock",8
"1600","indonesia",8
"1601","female.jazz.singer",8
"1602","black.rock",8
"1603","abstract.rap",8
"1604","country.roots",8
"1605","rumba.congolesa",8
"1606","northwest",8
"1607","deadtide",8
"1608","girls.with.guitars",8
"1609","symphonic.death.metal",8
"1610","musical.comedy",8
"1611","conscious.hip.hop",8
"1612","hamburg.city",8
"1613","feminist",8
"1614","frat.rock",8
"1615","harsh.noise",8
"1616","neurofunk",8
"1617","post.emo",8
"1618","lead.guitar",8
"1619","wisconsin",8
"1620","new.tango",8
"1621","crossover.thrash",8
"1622","trinidad.and.tobago",8
"1623","tape.music",8
"1624","string.quartet",8
"1625","X1970s.soul",8
"1626","white.metal",8
"1627","political.folk",8
"1628","outsider.music",8
"1629","euro",8
"1630","son.montuno",8
"1631","southern.metal",8
"1632","kirtan",8
"1633","british.hard.rock",8
"1634","martinique",8
"1635","hungary",8
"1636","true.metal",8
"1637","happy.music",8
"1638","sound.art",8
"1639","progressive.doom.metal",8
"1640","drone.doom.metal",8
"1641","omaha",8
"1642","nu.breaks",8
"1643","gay.metal",8
"1644","nyahbinghi",8
"1645","melody",8
"1646","sydney",8
"1647","manitoba",8
"1648","texas.swing",8
"1649","mod.revival",8
"1650","masterpiece",8
"1651","female.blues.vocalist",8
"1652","singapore",8
"1653","flow",8
"1654","cold",8
"1655","rockers",8
"1656","fusion.latina",8
"1657","fado",8
"1658","crust.punk",8
"1659","rhythm",8
"1660","eimsbush",8
"1661","latin.alternative",8
"1662","reggae.rock",8
"1663","prodigy",8
"1664","queensbridge",8
"1665","mlx",8
"1666","zxzw",8
"1667","traditional.heavy.metal",8
"1668","electro.bass",8
"1669","minneapolis",8
"1670","new.metal",8
"1671","hair.rock",8
"1672","baiao",8
"1673","nola",8
"1674","female.blues.artist",8
"1675","french.singer",8
"1676","progressive.jazz.rock",8
"1677","X21st.century",8
"1678","magnatune",8
"1679","soulful.house",7
"1680","punjabi.duet",7
"1681","tv.series.soundtrack",7
"1682","uk.pop",7
"1683","gallego",7
"1684","highlife",7
"1685","springfield",7
"1686","rock.and.metal",7
"1687","pub.rock",7
"1688","ep",7
"1689","eerie",7
"1690","bootybass",7
"1691","raggacore",7
"1692","classicism",7
"1693","melodifestivalen",7
"1694","vinyl",7
"1695","high.energy",7
"1696","rap.espanol",7
"1697","depressive",7
"1698","british.psychedelia",7
"1699","traditional.bluegrass",7
"1700","music.chain",7
"1701","cuban.folk",7
"1702","vienna",7
"1703","daytrotter",7
"1704","richmond",7
"1705","soloist",7
"1706","live.electronic",7
"1707","dancehall.jamaica",7
"1708","nottingham",7
"1709","nordic.metal",7
"1710","polish.hip.hop",7
"1711","texan",7
"1712","podcast",7
"1713","beautiful.music",7
"1714","kansas.city",7
"1715","holy.hip.hop",7
"1716","nueva.cancion",7
"1717","swedish.folkmusic",7
"1718","harmony.vocal.group",7
"1719","witty",7
"1720","beat.down",7
"1721","german.black.metal",7
"1722","greek.female.vocalist",7
"1723","retro.rock",7
"1724","classic.metal",7
"1725","minimal.electro",7
"1726","festival",7
"1727","shred",7
"1728","indian.classical",7
"1729","taiwanese.artists",7
"1730","sleaze.metal",7
"1731","bahia",7
"1732","uillean.pipes",7
"1733","obscure",7
"1734","search",7
"1735","golden.melody.award",7
"1736","bronx",7
"1737","flamenco.pop",7
"1738","trash.metal",7
"1739","horrorcore.rap",7
"1740","south.american",7
"1741","X2.step",7
"1742","christian.inspirational",7
"1743","grammy.winner",7
"1744","chinese.ballad",7
"1745","spazcore",7
"1746","bootleg",7
"1747","technical.metalcore",7
"1748","mediterranean.rock",7
"1749","old.school.reggae",7
"1750","female.mc",7
"1751","industrial.black.metal",7
"1752","dc",7
"1753","sensation.black",7
"1754","rock.progresivo",7
"1755","beatnik",7
"1756","digital.hardcore.recordings",7
"1757","symphonic.prog",7
"1758","fuzz",7
"1759","hard.and.heavy",7
"1760","anti.folk",7
"1761","entity",7
"1762","jawaiian",7
"1763","jazz.pianist",7
"1764","san.diego",7
"1765","fingerstyle.guitar",7
"1766","scandinavian.folk",7
"1767","yoga",7
"1768","christian.punk",7
"1769","uruguay",7
"1770","mobb.music",7
"1771","latin.and.mediterranean",7
"1772","german.thrash.metal",7
"1773","c86",7
"1774","rioplatense",7
"1775","urban.contemporary.gospel",7
"1776","reggae.classics",7
"1777","rif",7
"1778","central.and.south.african",7
"1779","coco",7
"1780","vocal.male",7
"1781","teppaz",7
"1782","nordic.folk",7
"1783","celtic.punk",7
"1784","japanese.hip.hop",7
"1785","didgeridoo.music",6
"1786","finnish.hardcore.punk",6
"1787","celtic.new.age",6
"1788","classic.drift",6
"1789","mexico.city",6
"1790","filk",6
"1791","chinese.female.vocalists",6
"1792","post.black.metal",6
"1793","slovenia",6
"1794","harlem",6
"1795","new.jazz",6
"1796","noise.punk",6
"1797","vibes",6
"1798","modern.delta.blues",6
"1799","fingerstyle.guitarist",6
"1800","psychedelic.metal",6
"1801","dark.cabaret",6
"1802","gaelic",6
"1803","experimental.hardcore",6
"1804","warp.records",6
"1805","festa.major",6
"1806","spanish.ballad",6
"1807","spirit.filled.hardcore",6
"1808","military",6
"1809","new.age.classical",6
"1810","kentucky",6
"1811","saskatchewan",6
"1812","conscious.reggae",6
"1813","chile",6
"1814","welsh",6
"1815","early.jazz",6
"1816","punkish",6
"1817","cambridge",6
"1818","brutal.death.grind",6
"1819","darkcore",6
"1820","minneapolis.sound",6
"1821","mundart",6
"1822","paisos.catalans",6
"1823","bossa.vocal",6
"1824","afrikan.tahdet",6
"1825","game.soundtrack",6
"1826","spanish.indie.pop",6
"1827","chaotic",6
"1828","indie.dance",6
"1829","celtic.pop",6
"1830","sheffield",6
"1831","torino",6
"1832","facedown.records",6
"1833","territorios.sevilla",6
"1834","comedy.rap",6
"1835","gothic.doom.metal",6
"1836","street.music",6
"1837","united.states.black.metal",6
"1838","stoner.sludge",6
"1839","slack.key.guitar",6
"1840","stoner.doom.metal",6
"1841","single",6
"1842","modern.big.band",6
"1843","electro.disco",6
"1844","cologne",6
"1845","russian.pop",6
"1846","brutal.deathgrind",6
"1847","acoustic.pop",6
"1848","delicate",6
"1849","reggae.roots",6
"1850","mandarin.pop",6
"1851","french.hip.hop",6
"1852","sufi",6
"1853","technical.progressive.death.metal",6
"1854","eastern.europe.rock",6
"1855","cape.town",6
"1856","fuzzalicious",6
"1857","ska.revival",6
"1858","leaf.label",6
"1859","conscious.rap",6
"1860","us.punk",6
"1861","performer",6
"1862","americas.south",6
"1863","suaves",6
"1864","bossa.showtune",6
"1865","flamenco.fusion",6
"1866","epic.black.metal",6
"1867","progressive.black.metal",6
"1868","lebanese",6
"1869","syracuse",6
"1870","singaporean",6
"1871","salonmusik",6
"1872","mezzo",6
"1873","contralto",6
"1874","liedermacher",6
"1875","milonga",6
"1876","german.dance",6
"1877","transmusicales",6
"1878","christian.indie",6
"1879","industrial.hip.hop",6
"1880","hair.band",6
"1881","portland",6
"1882","sub.pop.records",6
"1883","classy",6
"1884","fast.drumming",6
"1885","french.touch",6
"1886","orchestral.music",6
"1887","pagode",6
"1888","alberta",6
"1889","swamp",6
"1890","blue.note",6
"1891","pop.argentino",6
"1892","dour.festival.2008",6
"1893","mellotron",6
"1894","doom.rock",6
"1895","irish.flute",6
"1896","folk.punk",6
"1897","mezzo.soprano",6
"1898","christian.gangster.rap",6
"1899","french.metal",6
"1900","folk.country",6
"1901","oldie",6
"1902","vancouver",6
"1903","comic",6
"1904","dark.electro",6
"1905","jazz.sax",6
"1906","chinese.diva",6
"1907","latin.artists",6
"1908","cajun.and.zydeco",6
"1909","polyrhythm",6
"1910","cafe.del.mar",6
"1911","french.caribbean",6
"1912","emo.hardcore",6
"1913","bastard.pop",6
"1914","scum.punk",6
"1915","acid.techno",6
"1916","arranger",6
"1917","analog",6
"1918","huumori",6
"1919","stride",6
"1920","south.america",6
"1921","porn",6
"1922","geek.rock",6
"1923","angelic.voices",6
"1924","roaring.20s",6
"1925","christian.acoustic",5
"1926","bassotusta",5
"1927","early.electronic",5
"1928","flevo.festival.2005",5
"1929","virgin.islands.reggae",5
"1930","greek.rock",5
"1931","south.carolina",5
"1932","contemporary.r.b",5
"1933","norwegian.metal",5
"1934","bundesvision.song.contest.2006",5
"1935","rumba.flamenca",5
"1936","sxsw",5
"1937","christian.alternative.rock",5
"1938","background.music",5
"1939","flhc",5
"1940","ambient.metal",5
"1941","postcore",5
"1942","bulerias",5
"1943","symphonic.power.metal",5
"1944","kansas",5
"1945","string.band",5
"1946","red.dirt",5
"1947","early.metal",5
"1948","rap.francais",5
"1949","soul.funk",5
"1950","musica.colombiana",5
"1951","death.rap",5
"1952","mexican.rock",5
"1953","west",5
"1954","primitive.blues",5
"1955","chanting",5
"1956","ithaca",5
"1957","grm",5
"1958","jangly",5
"1959","revolution.hall",5
"1960","power.ballad",5
"1961","breton",5
"1962","desert.blues",5
"1963","viking",5
"1964","melodic.power.metal",5
"1965","estonia",5
"1966","japanese.city.pop",5
"1967","raggamuffin.dancehall",5
"1968","hillbilly.boogie",5
"1969","maracatu",5
"1970","slow.jams",5
"1971","lithuania",5
"1972","old.school.slow.jams",5
"1973","nonesuch",5
"1974","english.lyrics",5
"1975","diy",5
"1976","synth.rock",5
"1977","persian",5
"1978","british.trad.rock",5
"1979","classic.swing",5
"1980","new.orleans.soul",5
"1981","arab",5
"1982","bouncy",5
"1983","hollywood",5
"1984","funky.breaks",5
"1985","italian.music",5
"1986","jakarta",5
"1987","newgrass",5
"1988","industrial.hardcore",5
"1989","ch",5
"1990","indonesian",5
"1991","german.band",5
"1992","rock.mexicano",5
"1993","emo.punk",5
"1994","polish.punk",5
"1995","drama",5
"1996","pop.jazz",5
"1997","oc.remix",5
"1998","ethnic.and.world.fusion",5
"1999","porncore",5
"2000","sound.poetry",5
"2001","indies",5
"2002","jazz.bass",5
"2003","swedish.metal",5
"2004","X40watt.club",5
"2005","sunset",5
"2006","aggrotech",5
"2007","tokyo",5
"2008","peak.records",5
"2009","pops",5
"2010","progressive.breaks",5
"2011","bellydance",5
"2012","juggalo",5
"2013","modern.metal",5
"2014","fender.rhodes",5
"2015","amherst",5
"2016","finnish.female.vocalists",5
"2017","anthemic",5
"2018","pukkelpop.2008",5
"2019","left.wing",5
"2020","wgt.2006",5
"2021","antilles",5
"2022","bonnaroo.2008",5
"2023","ambience",5
"2024","boston.hardcore",5
"2025","fat.wreck.chords",5
"2026","male.solo",5
"2027","X60s.psychedelic.rock",5
"2028","frisco",5
"2029","world.pop",5
"2030","progressive.big.band",5
"2031","blues.piano",5
"2032","mediterran",5
"2033","blues.bar",5
"2034","moderatto",5
"2035","celta.galego",5
"2036","acoustic.texas.blues",5
"2037","slick",5
"2038","kwaito",5
"2039","sleaze.glam",5
"2040","oshare.kei",5
"2041","hardtechno",5
"2042","arabic.pop",5
"2043","funky.blues",5
"2044","rostock",5
"2045","mc",5
"2046","black.metal.from.germany",5
"2047","computer.music",5
"2048","stockholm",5
"2049","columbus.ohio",5
"2050","oklahoma",5
"2051","tight",5
"2052","roskilde.08",5
"2053","flevo.festival.2007",5
"2054","breakbeat.hardcore",5
"2055","ghetto.jazz",5
"2056","planet.mu",5
"2057","iran",5
"2058","hijosputa",5
"2059","electronic.music.pioneers",5
"2060","blue.note.records",5
"2061","valkyriex.powerr",5
"2062","classical.metal",5
"2063","nationalist",5
"2064","harddance",5
"2065","greek.electronic",5
"2066","liturgical",5
"2067","new.flamenco",5
"2068","downtown.music",5
"2069","arabian",5
"2070","gospel.reggae",5
"2071","early.1900s",5
"2072","heavy.hitter",5
"2073","demoscene",5
"2074","blues.roots",5
"2075","santo.domingo",5
"2076","finnish.black.metal",5
"2077","american.blues",5
"2078","dub.poetry",5
"2079","tabla",5
"2080","wjfm",5
"2081","contemporary.classical.after.1940",5
"2082","electro.jazz",5
"2083","latin.reggae",5
"2084","psycho",5
"2085","drone.metal",5
"2086","vocal.group",5
"2087","fun.punk",5
"2088","louisville",5
"2089","contemporary.worship",5
"2090","X80s.punk",5
"2091","cosmic",4
"2092","clarinet",4
"2093","hello..project",4
"2094","country.christmas",4
"2095","greek.black.metal",4
"2096","fuzzy",4
"2097","detroit.rap",4
"2098","trojan.records",4
"2099","indie.artist",4
"2100","guitar.instrumental",4
"2101","scottish.indie",4
"2102","arabic.music",4
"2103","spanish.fusion",4
"2104","russian.heavy.metal",4
"2105","dubwise",4
"2106","suomirap",4
"2107","organ.jazz",4
"2108","gore.metal",4
"2109","bleak",4
"2110","cosmopolitan",4
"2111","electrodaze",4
"2112","smooth.groove",4
"2113","contemporary.music",4
"2114","compton",4
"2115","rock.jazz",4
"2116","holland",4
"2117","mount.vernon",4
"2118","espagnol",4
"2119","new.orleans.funk",4
"2120","cultural",4
"2121","english.folk",4
"2122","X00s.country",4
"2123","cloud",4
"2124","italian.hip.hop",4
"2125","adagio",4
"2126","instrumental.post.rock",4
"2127","X20th.century.classical.composer",4
"2128","spanish.rap",4
"2129","proto.metal",4
"2130","post.industrial",4
"2131","aaa",4
"2132","electro.artists",4
"2133","thunderdome",4
"2134","skinhead.rock",4
"2135","senegal",4
"2136","heavy.rotation",4
"2137","pop.francais",4
"2138","universal",4
"2139","latin.hip.hop",4
"2140","murakami.soundtrack",4
"2141","belgian.music",4
"2142","house.artist",4
"2143","uk.hip.hop",4
"2144","nigeria",4
"2145","radio.16",4
"2146","jazz.folk",4
"2147","hellenic.black.metal",4
"2148","madonna",4
"2149","polish.music",4
"2150","japanoise",4
"2151","beatlesque",4
"2152","utah",4
"2153","kalimba",4
"2154","nouvelle.chanson.francaise",4
"2155","christian.death.metal",4
"2156","X60s.influenced",4
"2157","kompakt.label",4
"2158","two.step",4
"2159","baroque.music",4
"2160","iberian.black.metal",4
"2161","rap.underground",4
"2162","city.sounds",4
"2163","finnish.tango",4
"2164","instrumental.piano",4
"2165","dark.psytrance",4
"2166","old.school.death.metal",4
"2167","pioneer",4
"2168","devils.guitar",4
"2169","nazi.punk",4
"2170","fastcore",4
"2171","hip.hop.artists",4
"2172","deep.funk",4
"2173","naples",4
"2174","pimp",4
"2175","classic.beach",4
"2176","greek.metal",4
"2177","en.francais",4
"2178","independent.hip.hop",4
"2179","pp.vips",4
"2180","emo.core",4
"2181","middle.eastern.pop",4
"2182","genial",4
"2183","boulder",4
"2184","magical",4
"2185","nederpop",4
"2186","avant.garde.rock",4
"2187","spanish.indie",4
"2188","west.africa",4
"2189","techno.bass",4
"2190","rebel.music",4
"2191","french.jazz",4
"2192","ambient.noise",4
"2193","southern.rock.sounding",4
"2194","ivory.coast",4
"2195","west.indies",4
"2196","revolution",4
"2197","drone.ambient",4
"2198","skinhead.music",4
"2199","jazz.vibraphone",4
"2200","mtv",4
"2201","X4ad",4
"2202","male.fronted",4
"2203","progressive.metalcore",4
"2204","grand.rapids",4
"2205","progressive.sludge",4
"2206","math.metal",4
"2207","port.arthur",4
"2208","christian.pop.punk",4
"2209","X80s.underground",4
"2210","greek.hip.hop",4
"2211","speed",4
"2212","country.music.artist",4
"2213","hongkong.male",4
"2214","hard.progressive",4
"2215","mountain.music",4
"2216","rowdy",4
"2217","boxer.recordings",4
"2218","leeds",4
"2219","southern.blues.rock",4
"2220","copenhagen",4
"2221","hellenic",4
"2222","wellington",4
"2223","german.comedy",4
"2224","melodica",4
"2225","new.prog",4
"2226","post.punk",4
"2227","buena.vista.social.club",4
"2228","hellfest.2008",4
"2229","vallejo",4
"2230","melodic.deathcore",4
"2231","traditional.metal",4
"2232","heavy.blues",4
"2233","melodic.death.thrash.metal",4
"2234","stoner.pop",4
"2235","avant.prog",4
"2236","bizarre",4
"2237","nurse.with.wound.list",4
"2238","french.death.metal",4
"2239","emotional.electronic",4
"2240","minimal.techno.artists",4
"2241","detroit.electro",4
"2242","oz",4
"2243","sahkotaivas",4
"2244","disco.funk",4
"2245","woxy",4
"2246","baila.latina",4
"2247","hellenic.metal",4
"2248","new.wave.tapes",4
"2249","deathrock.revival",4
"2250","german.progressive.rock",4
"2251","electro.ambient",4
"2252","sussex",4
"2253","african.dance",4
"2254","liebe",4
"2255","sst",4
"2256","world.groove",4
"2257","lausanne",4
"2258","twin.cities",4
"2259","indie.power.pop",4
"2260","yorkshire",4
"2261","pakistani",4
"2262","club.electronica",4
"2263","acoustic.folk",4
"2264","glam.punk",4
"2265","latin.house",4
"2266","southern.gothic",4
"2267","ritual",4
"2268","punk.cabaret",4
"2269","latin.electronica",4
"2270","sevilla",4
"2271","gay.disco",4
"2272","womad.2006",4
"2273","vocal.female",4
"2274","european.folk",4
"2275","sadcore",4
"2276","early.hardcore",4
"2277","alternative.hard.rock",4
"2278","houston.rap",4
"2279","andean.folk",4
"2280","instrumental.jazz",4
"2281","alternative.80s",4
"2282","X60s.soul",4
"2283","american.idol",4
"2284","morocco",4
"2285","spanish.metal",4
"2286","classic.rockabilly",4
"2287","swedish.death.metal",4
"2288","movie.music",4
"2289","metal.hardcore.trash",4
"2290","nordic.ethno.grooves",4
"2291","pitchfork",4
"2292","french.composer",4
"2293","african.rock",4
"2294","female.fronted.rock",4
"2295","manouche",4
"2296","latin.american",4
"2297","youth.crew",4
"2298","authentic",3
"2299","dub.ambient",3
"2300","wop",3
"2301","mandolin",3
"2302","net.discovery",3
"2303","X2.meter.sessies",3
"2304","bay.area.bands",3
"2305","jazz.drummer",3
"2306","tv.theme",3
"2307","dancefloor",3
"2308","epic.trance",3
"2309","mpb.female",3
"2310","suicidal.black.metal",3
"2311","indian.electronic",3
"2312","southern.hip.hop",3
"2313","zairean",3
"2314","crossover.prog",3
"2315","digicore",3
"2316","bouzouki",3
"2317","artificial.lounge",3
"2318","sub.pop.bands",3
"2319","tradicional.mexicana",3
"2320","modern.creative.jazz",3
"2321","grind.death.metal",3
"2322","aquarius.records",3
"2323","berliner.rap",3
"2324","cartoon.music",3
"2325","battle.metal",3
"2326","santa.rosa",3
"2327","christian.artists",3
"2328","korean.indie",3
"2329","rotterdam",3
"2330","outsider",3
"2331","western.classical",3
"2332","game.remixers",3
"2333","electro.deathrock",3
"2334","underground.punk",3
"2335","lesbian",3
"2336","acustica",3
"2337","technical.deathcore",3
"2338","bhakti",3
"2339","techno.trance.hardtrance",3
"2340","french.house",3
"2341","flamenco.alternativo",3
"2342","avant.pop",3
"2343","tiki",3
"2344","boomkat",3
"2345","esoteric",3
"2346","experimental.radio",3
"2347","motown.and.soul",3
"2348","top.albuns.2007",3
"2349","italian.metal",3
"2350","french.rock.scene",3
"2351","positive.hip.hop",3
"2352","monterrey",3
"2353","spanish.indie.rock",3
"2354","contrabass",3
"2355","intelligent.rap",3
"2356","oldschool.german.hip.hop",3
"2357","game.remix",3
"2358","trancecore",3
"2359","sludge.doom",3
"2360","melodic.doom.metal",3
"2361","cover.band",3
"2362","pagan.folk.metal",3
"2363","minimal.psytrance",3
"2364","X00s.pop",3
"2365","ecuadorian",3
"2366","splash.2006",3
"2367","turkish.pop.history",3
"2368","folk.female",3
"2369","swedish.pop",3
"2370","dreamtronica",3
"2371","hardhouse",3
"2372","fading.yellow",3
"2373","speed...thrash.metal",3
"2374","neo.ouija",3
"2375","lds",3
"2376","carols",3
"2377","armenian",3
"2378","timeless",3
"2379","steel.guitar",3
"2380","luxembourg",3
"2381","power.rhythmic.noise",3
"2382","comedy.metal",3
"2383","transient",3
"2384","chicano.rap",3
"2385","fandango",3
"2386","cardiff",3
"2387","club.house",3
"2388","tough.guy.hardcore",3
"2389","liquid.funk",3
"2390","liquid",3
"2391","schlageroldies",3
"2392","classic.ccm",3
"2393","angry.music",3
"2394","liverpool",3
"2395","new.hampshire",3
"2396","dsbm",3
"2397","ibiza",3
"2398","bayern",3
"2399","X2008.bonnaroo",3
"2400","scottish.folk",3
"2401","cante.jondo",3
"2402","X60s.revival",3
"2403","british.20century.composer",3
"2404","crucial.reggae",3
"2405","portishead",3
"2406","warped.tour.2007",3
"2407","evergreen",3
"2408","rock.60s",3
"2409","christian.band",3
"2410","somber",3
"2411","latin.pop.rock",3
"2412","funeral.doom.metal",3
"2413","country.male",3
"2414","fuzz.rock",3
"2415","mixt",3
"2416","kerrville.folk.festival",3
"2417","satanic.black.metal",3
"2418","grp.records",3
"2419","canadian.indie",3
"2420","power.thrash.metal",3
"2421","mainstyle.hardcore",3
"2422","indian.folk",3
"2423","dream.dance",3
"2424","reggae.dancehall",3
"2425","greys.anatomy",3
"2426","sahara",3
"2427","buffy.music",3
"2428","valencia",3
"2429","eurovision.top",3
"2430","old.school.house.artists",3
"2431","jewish",3
"2432","croatia",3
"2433","vermont",3
"2434","girlie.pop",3
"2435","coachella.2007",3
"2436","grim",3
"2437","kazakhstan",3
"2438","ensemble",3
"2439","folk.jazz",3
"2440","denver",3
"2441","indian.vibes",3
"2442","retro.swing",3
"2443","spanish.underground",3
"2444","providence",3
"2445","judaica",3
"2446","world.lounge",3
"2447","raasnap",3
"2448","rawkus",3
"2449","winter",3
"2450","sunshine",3
"2451","clubbing",3
"2452","calgary.folk.fest.2008",3
"2453","bergen",3
"2454","ottawa",3
"2455","ritual.ambient",3
"2456","russian.rock",3
"2457","girl",3
"2458","portland.or",3
"2459","italophilia",3
"2460","mezz.2008",3
"2461","samba.jazz",3
"2462","geek",3
"2463","protest.song",3
"2464","hip.hop.tuga",3
"2465","reading",3
"2466","zxzw.2008",3
"2467","necro",3
"2468","spirit.zone",3
"2469","amsterdam",3
"2470","horror.soundtrack",3
"2471","uk.hard.house",3
"2472","rock.urbano",3
"2473","turbo.folk",3
"2474","quality.hip.hop",3
"2475","fib.2008",3
"2476","burmese",3
"2477","pop.rock.nacional",3
"2478","flamenco.chill",3
"2479","new.york.rap",3
"2480","mannheim",3
"2481","dream.trance",3
"2482","celtic.worship",3
"2483","noisy",3
"2484","X90s.hip.hop",3
"2485","djembe",3
"2486","englishceltic.folk",3
"2487","moog",3
"2488","hindi.pop",3
"2489","retro.prog",3
"2490","battlestar.galactica",3
"2491","adoracao",3
"2492","rockin",3
"2493","indian.fusion",3
"2494","skate.rock",3
"2495","late.sixties",3
"2496","romantic.classical",3
"2497","techno.hardcore",3
"2498","tin.pan.alley.pop",3
"2499","bandas.venezolanas",3
"2500","classical.period",3
"2501","martial.industrial",3
"2502","trombone.jazz",3
"2503","suoni.per.il.popolo",3
"2504","devotional",3
"2505","bristol",3
"2506","industrial.death.metal",3
"2507","norwegian.black.metal",3
"2508","uk.techno",3
"2509","coachella",3
"2510","groove.merchant",3
"2511","spanish.goth",3
"2512","old.school.dance",3
"2513","carefree",3
"2514","soundtracks.and.scores",3
"2515","french.lyrics",3
"2516","french.music",3
"2517","telecaster",3
"2518","iona",3
"2519","pop.life",3
"2520","barcelona.sound",3
"2521","british.folk.rock",3
"2522","pakistan",3
"2523","shana",3
"2524","dixie",3
"2525","cantor.africano",3
"2526","french.rap",3
"2527","creepy.rock",3
"2528","tzadik",3
"2529","swiss.pop",3
"2530","def.jam",3
"2531","lindy.hop",3
"2532","scat",3
"2533","chill.out.alternative",3
"2534","technical.thrash.metal",3
"2535","folk.rock.groups",3
"2536","tratore",3
"2537","twisted.house",3
"2538","ruhrpott",3
"2539","satanic",3
"2540","rock.colombiano",3
"2541","female.guitarist",3
"2542","nouvelle.scene",3
"2543","memphisunderground",3
"2544","northern.ireland",3
"2545","techstep",3
"2546","confrontational",3
"2547","myanmar",3
"2548","spanish.hardcore",3
"2549","breakstep",3
"2550","pop.independiente",3
"2551","hard.style",3
"2552","collaboration",3
"2553","lowlands.2008",3
"2554","culture",3
"2555","american.music",3
"2556","jump.up",3
"2557","psychedelic.downtempo",3
"2558","nouvelle.vague",3
"2559","X90s.dance",3
"2560","percussive",3
"2561","groningen",3
"2562","women.in.reggae",3
"2563","cryptofa",3
"2564","modern.prog.rock",3
"2565","boston.rock",3
"2566","whimsical",3
"2567","punk.ska",3
"2568","recife",3
"2569","italian.classical.composer",3
"2570","mantra",3
"2571","magyar",3
"2572","kurdish",3
"2573","punjab",3
"2574","orthodox.black.metal",3
"2575","nintendo.metal",2
"2576","artcore",2
"2577","blues.rock.guitarist",2
"2578","new.orleans.rhythm.and.blues",2
"2579","walburga",2
"2580","nu",2
"2581","reading.2007",2
"2582","decatur",2
"2583","rai",2
"2584","brazilian.guitar",2
"2585","light.rock",2
"2586","top.40",2
"2587","X90s.metalcore",2
"2588","alternative.invaders",2
"2589","darkstep",2
"2590","salsa.boricua",2
"2591","austrian.metal",2
"2592","sound.devastation",2
"2593","minimal.tech.house",2
"2594","X1800s",2
"2595","X60s.garage.rock",2
"2596","croatian",2
"2597","israeli.pop",2
"2598","brutal.gore.grind",2
"2599","mincecore",2
"2600","digital.grindcore",2
"2601","jazzy.soul",2
"2602","bosnian",2
"2603","soft.pop",2
"2604","fusion.festival.2008",2
"2605","zxzw.2006",2
"2606","side.project",2
"2607","quiet..music",2
"2608","X19th.century.opera",2
"2609","swedish.prog",2
"2610","heavy.dubstep",2
"2611","tulsa",2
"2612","costa.rica",2
"2613","dark.pop",2
"2614","jazz.samba",2
"2615","female.soul",2
"2616","matador",2
"2617","post.thrash",2
"2618","classical.opera",2
"2619","jazz.drum",2
"2620","american.rap",2
"2621","little.rock",2
"2622","us.hip.hop",2
"2623","gothabilly",2
"2624","bass.virtuoso",2
"2625","brega",2
"2626","glastonbury.2008",2
"2627","magnolia",2
"2628","icelandic",2
"2629","mezz.2005",2
"2630","east.africa",2
"2631","peace.and.love.2008",2
"2632","gypsy.folk",2
"2633","grind.death",2
"2634","pancaribbean",2
"2635","coupe.decale",2
"2636","electro.hip.hop",2
"2637","depressive.rock",2
"2638","beatboxing",2
"2639","backbeat",2
"2640","female.electronica",2
"2641","drumfunk",2
"2642","black.metal.from.poland",2
"2643","alto.sax",2
"2644","horns.rhythms.voices",2
"2645","bavaria",2
"2646","organic.ambient",2
"2647","gang.vocals",2
"2648","sheffield.bands",2
"2649","ambient.electronica",2
"2650","filipino",2
"2651","shibuya.kei",2
"2652","house.society",2
"2653","electrocore",2
"2654","experimental.ambient",2
"2655","radio.paola",2
"2656","latin.ballad",2
"2657","pop.opera",2
"2658","knoxville",2
"2659","british.columbia",2
"2660","old.school.latin.pop",2
"2661","italian.death.metal",2
"2662","us.death.metal",2
"2663","ohio.bands",2
"2664","hot.jazz",2
"2665","perlon",2
"2666","tucson",2
"2667","ritual.music",2
"2668","female.power.voice",2
"2669","ostrock",2
"2670","folklore.argentino",2
"2671","enka",2
"2672","ultimae.records",2
"2673","soft.jazz",2
"2674","panama",2
"2675","nts",2
"2676","contemporary.bluegrass",2
"2677","eastern.european",2
"2678","bremen",2
"2679","belgian.black.metal",2
"2680","revival.rockabilly",2
"2681","dance.dance.revolution",2
"2682","female.dancehall",2
"2683","mozambique",2
"2684","progressive.thrash.metal",2
"2685","aboriginal",2
"2686","electric.piano",2
"2687","andes",2
"2688","norwegian.jazz",2
"2689","death.industrial",2
"2690","free.radio.usa",2
"2691","slap.bass",2
"2692","la.punk",2
"2693","chinese.indie.pop",2
"2694","symphonic.progressive",2
"2695","fabric.saturdays.venue",2
"2696","german.trance",2
"2697","swedish.punk",2
"2698","belgian.metal",2
"2699","british.heavy.metal",2
"2700","portuguese.folk",2
"2701","technical.brutal.death.metal",2
"2702","latin.guitar",2
"2703","mutek",2
"2704","jazz.house",2
"2705","rautalanka",2
"2706","X19th.century.classical",2
"2707","popera",2
"2708","hillbilly.swing",2
"2709","classicao",2
"2710","political.hip.hop",2
"2711","paisley.underground",2
"2712","dnb.jungle",2
"2713","kyrgyzstan",2
"2714","rock.clasico",2
"2715","gothenburg",2
"2716","anarchist.punk",2
"2717","appalachian",2
"2718","ponderosa.stomp",2
"2719","portsmouth",2
"2720","happy.rock",2
"2721","norrland",2
"2722","nu.rave",2
"2723","philly.soul",2
"2724","pinoy.rock",2
"2725","gregorian.chant",2
"2726","frequency2008",2
"2727","thrash.black.metal",2
"2728","top.250",2
"2729","simple",2
"2730","download.festival.2007",2
"2731","pop.italiana",2
"2732","idaho",2
"2733","west.midlands",2
"2734","power.folk",2
"2735","tulsa.sound",2
"2736","melancholic.rock",2
"2737","cancion.de.autor",2
"2738","cymraeg",2
"2739","slovakian",2
"2740","spank.rock",2
"2741","chaotic.metalcore",2
"2742","war",2
"2743","daahrk",2
"2744","angola",2
"2745","moving.melodies",2
"2746","mellow.rock",2
"2747","disco.80",2
"2748","gothenburg.metal",2
"2749","funky.jazz",2
"2750","plus.8",2
"2751","java",2
"2752","charleston",2
"2753","svensk.topp100",2
"2754","jazz.flute",2
"2755","mille.plateaux",2
"2756","raga.rock",2
"2757","acoustic.jazz.guitar",2
"2758","breakwave.radioshow",2
"2759","classic.uk.soul",2
"2760","hypnotic.dark.ambient",2
"2761","modern.rnb",2
"2762","belter",2
"2763","kazakh.pop",2
"2764","commercial",2
"2765","sweet.voice",2
"2766","dark.rock",2
"2767","X80s.funk",2
"2768","erudite.music",2
"2769","super.eurobeat",2
"2770","balkans",2
"2771","rock.out",2
"2772","indigenous",2
"2773","ultra.heavy.beat",2
"2774","vietnam",2
"2775","kahvi",2
"2776","slide.guitarist",2
"2777","deep.ambient",2
"2778","winterthur",2
"2779","marrabenta",2
"2780","scandinavian.jazz",2
"2781","freestyle.rap",2
"2782","tin.whistle",2
"2783","melodic.thrash",2
"2784","dorosalsa",2
"2785","eastern",2
"2786","cabo.verde",2
"2787","cameroon",2
"2788","aacm",2
"2789","k.records",2
"2790","zimbabwe",2
"2791","christian.blues",2
"2792","melodic.black.death.metal",2
"2793","bubblegum.dance",2
"2794","soulful.drum.and.bass",2
"2795","modal.music",2
"2796","wgt",2
"2797","minimal.music",2
"2798","christian.hard.rock",2
"2799","duranguense",2
"2800","poppish",2
"2801","trumpet.jazz",2
"2802","electronic.hip.hop",2
"2803","neo.rockabilly",2
"2804","visual",2
"2805","X19th.century",2
"2806","japanese.indie",2
"2807","polish.nu.metal",2
"2808","us.progressive.rock",2
"2809","malaysia",2
"2810","black.metal.from.belgium",2
"2811","philippines",2
"2812","lithuanian.metal",2
"2813","south.asia",2
"2814","german.punk",2
"2815","soundclash",2
"2816","israeli.folk",2
"2817","opm",2
"2818","reggae.music",2
"2819","toledo",2
"2820","lyricist",2
"2821","mathgrindcore",2
"2822","fast.melodic.punk.rock",2
"2823","yugoslavia",2
"2824","tvt",2
"2825","punjabi.ost",2
"2826","greensboro",2
"2827","lithuanian.rock",2
"2828","antifascist",2
"2829","new.age.music",2
"2830","wgt.2007",2
"2831","spanish.songwriters",2
"2832","peace",2
"2833","spot.07",2
"2834","exuberant",2
"2835","memphis.soul",2
"2836","rephlex",2
"2837","rock.brasil",2
"2838","uk.jazz.funk",2
"2839","hebrew",2
"2840","X60s.psychedelic.and.garage",2
"2841","anatolian",2
"2842","bollywood.music",2
"2843","ritual.dark.ambient",2
"2844","independent.rock",2
"2845","fake.jazz",2
"2846","weird.metal",2
"2847","x.factor",2
"2848","jazzy.hip.hop",2
"2849","unblack",2
"2850","orgcore",2
"2851","elevator.music",2
"2852","punk.jazz",2
"2853","brutal.hardcore",2
"2854","argentine.folk",2
"2855","electric.picnic.2008",2
"2856","traditional.ska",2
"2857","rock.hard",2
"2858","dayton",2
"2859","pasito.duranguense",2
"2860","smoking.music",2
"2861","gothic.black.metal",2
"2862","thrash.crossover",2
"2863","X60s.punk",2
"2864","circus.music",2
"2865","jewish.music",2
"2866","edmonton",2
"2867","irish.folk.punk",2
"2868","noise.folk",2
"2869","jazzclub.eisenach",2
"2870","gypsy.punk",2
"2871","california.hardcore",2
"2872","reggae.metal",2
"2873","expressionism",2
"2874","technopop",2
"2875","middlesex",2
"2876","cuban.music",2
"2877","alternative.progressive.rock",2
"2878","greenman.festival",2
"2879","rock.ballad",2
"2880","fretless.bass",2
"2881","european.female",2
"2882","industrial.punk",2
"2883","new.school.hardcore",2
"2884","provocative",2
"2885","south.east",2
"2886","ambient.jazz",2
"2887","extreme.black.metal",2
"2888","brutal.deathcore",2
"2889","live.worship",2
"2890","mod.rock",2
"2891","kraut",2
"2892","ritual.industrial",2
"2893","drone.records",2
"2894","guitar.pop",2
"2895","merseybeat",2
"2896","punk.and.roll",2
"2897","portuga",2
"2898","X90s.rnb",2
"2899","uk.bass",2
"2900","iowa",2
"2901","heavy.prog",2
"2902","essex",2
"2903","malaga",2
"2904","martial",2
"2905","madagascar",2
"2906","great.britain",2
"2907","berkshire",2
"2908","foreign.music",2
"2909","monotone",2
"2910","medieval.metal",2
"2911","pure.black.metal",2
"2912","halifax",2
"2913","ambiental.black.metal",2
"2914","post.folk.core",2
"2915","progressive.folk.rock",2
"2916","pinoy",2
"2917","pixieland.band",2
"2918","brighton",2
"2919","thrash.revival",2
"2920","roma",2
"2921","christcore",2
"2922","netherlands.metal",2
"2923","west.virginia",2
"2924","hardpop",2
"2925","trax.records",2
"2926","voodoo",2
"2927","ambient.trance",2
"2928","speedrock",2
"2929","canadian.folk",2
"2930","polish.black.metal",2
"2931","sarah.records",2
"2932","pittsburgh",2
"2933","oxford",2
"2934","cantautores.alternativos",2
"2935","monolith.festival",2
"2936","green.man.2007",2
"2937","slavonic.pagan.metal",2
"2938","bangface",2
"2939","romantic.piano.rock",2
"2940","strobelight.records",2
"2941","memphis.rap",2
"2942","emotronica",2
"2943","black.metal.symphonique",2
"2944","liquid.sound.design",2
"2945","staten.island",2
"2946","uk.underground",2
"2947","bay.area.rap",2
"2948","south.asian.pop",2
"2949","dc.hardcore",2
"2950","deejay",2
"2951","arch.enemy",2
"2952","night.music",1
"2953","neo.new.wave",1
"2954","crunk.shit",1
"2955","riff.rock",1
"2956","brazilian.funk",1
"2957","partido.alto",1
"2958","X70s.pop",1
"2959","study.music",1
"2960","mm",1
"2961","X80s.hardcore.punk",1
"2962","russian.hardcore",1
"2963","world.folk",1
"2964","pop.group",1
"2965","west.coast.rock",1
"2966","french.progressive",1
"2967","chilean",1
"2968","baltic.metal",1
"2969","pop.chileno",1
"2970","double.bass",1
"2971","sao.paulo",1
"2972","american.idols",1
"2973","osaka",1
"2974","glitch.pop",1
"2975","dunedin",1
"2976","mellow.blues",1
"2977","bosnia",1
"2978","baton.rouge",1
"2979","canadian.rap",1
"2980","acoustic.punk",1
"2981","melodic.folk.metal",1
"2982","record",1
"2983","norwegian.punk",1
"2984","folk.doom.metal",1
"2985","oriental.metal",1
"2986","indie.emo",1
"2987","orlando",1
"2988","jazzstep",1
"2989","death.punk",1
"2990","anthem",1
"2991","nerd",1
"2992","enigmatic",1
"2993","X60s.country",1
"2994","riverside",1
"2995","iceland",1
"2996","eurockeennes.2007",1
"2997","ye.ye",1
"2998","santa.cruz",1
"2999","female.solo.artist",1
"3000","romanian.hip.hop",1
"3001","hipster",1
"3002","burke.music",1
"3003","hakkuh",1
"3004","canadian.music",1
"3005","cheesy.trance",1
"3006","delaware",1
"3007","electro.gothic.rock",1
"3008","seattle.music",1
"3009","progressive.gothic.metal",1
"3010","canadian.hip.hop",1
"3011","relapse.records",1
"3012","ragnarok.2008",1
"3013","first.wave.punk",1
"3014","pornogrind",1
"3015","happy.emo",1
"3016","male.rnb",1
"3017","musician",1
"3018","danish.hip.hop",1
"3019","X80s.goth",1
"3020","female.metal.vocalist",1
"3021","isf2007",1
"3022","epitaph",1
"3023","gothic.electro",1
"3024","warped.tour",1
"3025","bedrock",1
"3026","classic.hard.rock",1
"3027","brutal.doom.metal",1
"3028","flamenco.guitar",1
"3029","true.school",1
"3030","argentina.indie",1
"3031","eastern.europe",1
"3032","bern",1
"3033","live.in.06",1
"3034","death..n..roll",1
"3035","indie.mexico",1
"3036","latin.fusion",1
"3037","northern",1
"3038","X70s.disco",1
"3039","sludge.grind",1
"3040","teen",1
"3041","ussr",1
"3042","beatmania",1
"3043","flatpicking",1
"3044","neu",1
"3045","yiddish",1
"3046","gomma.records",1
"3047","american.rock",1
"3048","senegalese.rap",1
"3049","tribal.trance",1
"3050","electro.chileno",1
"3051","damnation.festival",1
"3052","psycho.punk",1
"3053","indirilecek",1
"3054","european.blues",1
"3055","ethno.pop",1
"3056","hardcore.punk.rock",1
"3057","c64",1
"3058","depressive.suicidal.black.metal",1
"3059","netlabel.artist",1
"3060","sludge.stoner",1
"3061","warped.2008",1
"3062","fmera.jazz",1
"3063","pagan.folk",1
"3064","history.country",1
"3065","fast.melodic.hardcore",1
"3066","fueled.by.ramen",1
"3067","hungarian.black.metal",1
"3068","fearless.records",1
"3069","bluegrass.gospel",1
"3070","mangue.beat",1
"3071","original.ska",1
"3072","hoerspiel",1
"3073","retro.soul.music",1
"3074","indie.metal",1
"3075","russian.alternative",1
"3076","X60s.girl.group",1
"3077","turntablist",1
"3078","katzenmusik",1
"3079","baile.funk",1
"3080","rise.records",1
"3081","upright.bass",1
"3082","guitar.solos",1
"3083","samba.de.raiz",1
"3084","beats.and.words",1
"3085","download.festival.2006",1
"3086","hard.rock.70s",1
"3087","trance.house",1
"3088","puerto.rican.folk",1
"3089","south.dakota",1
"3090","crust.grind",1
"3091","monolith.festival.2008",1
"3092","progressive.alternative.metal",1
"3093","polish.rap",1
"3094","italian.progressive.rock",1
"3095","smallville",1
"3096","country.band",1
"3097","eesti",1
"3098","X60s.spanish",1
"3099","suicidal",1
"3100","evening.music",1
"3101","nintendo",1
"3102","copyleft",1
"3103","hed.kandi",1
"3104","jazz.violin",1
"3105","egyptian",1
"3106","gainesville",1
"3107","german.indie.pop",1
"3108","tallahassee",1
"3109","monolith.festival.2007",1
"3110","fmera.lounge",1
"3111","noise.grind",1
"3112","new.rave.revolution",1
"3113","munich",1
"3114","female.folk",1
"3115","jump",1
"3116","dobre.bo.polskie",1
"3117","horror.metal",1
"3118","western.new.york",1
"3119","ibiza.trance",1
"3120","warner.bros",1
"3121","brooklyn.rap",1
"3122","alliance",1
"3123","anthem.trance",1
"3124","lifetime.achievement.grammy.award",1
"3125","technical.grindcore",1
"3126","ambient.electronic",1
"3127","soulful.dance",1
"3128","marcha",1
"3129","avant.garde.grindcore",1
"3130","amiga.demoscene.mod",1
"3131","rock.pop.chileno",1
"3132","celtic.folk.metal",1
"3133","girl.pop",1
"3134","rock.chileno",1
"3135","flamenco.rock",1
"3136","wu.fam",1
"3137","drone.rock",1
"3138","modern.soul",1
"3139","thrash.death.metal",1
"3140","modern.hard.rock",1
"3141","jazz.brasil.novo",1
"3142","commercial.trance",1
"3143","pagan.folk.black.metal",1
"3144","pecka",1
"3145","stonersludgecore",1
"3146","jamaican.ska",1
"3147","classic.oldies",1
"3148","entexno",1
"3149","one.man.band",1
"3150","slow.rock",1
"3151","eai",1
"3152","minneapolis.funk",1
"3153","womad.2007",1
"3154","reggae.and.dub",1
"3155","senegalese",1
"3156","deep.techno",1
"3157","reggae.stuff",1
"3158","hard.blues",1
"3159","indie.electro",1
"3160","prophetic.worship",1
"3161","btn",1
"3162","experimental.progressive.metal",1
"3163","new.mexico",1
"3164","rude.boy",1
"3165","jazz.ladies",1
"3166","gentechenonstabene",1
"3167","jazz.guitarist",1
"3168","rock.am.ring.2006",1
"3169","funky.style",1
"3170","genre",1
"3171","homestead.records",1
"3172","screamo.hardcore",1
"3173","italian.indie",1
"3174","summer.sundae.2008",1
"3175","pixies.palace",1
"3176","balearic",1
"3177","early.rock.n.roll",1
"3178","elegant",1
"3179","X90s.turkish.pop",1
"3180","majestic",1
"3181","rebetika",1
"3182","french.progressive.rock",1
"3183","troll.metal",1
"3184","brazilian.country",1
"3185","electro.acoustic.improv",1
"3186","contemporary.experimental.music",1
"3187","acid.rap",1
"3188","reading.2008",1
"3189","electro.italo",1
"3190","happy.rave",1
"3191","irish.country",1
"3192","intelligent.music",1
"3193","vocoder",1
"3194","eurovision.2003",1
"3195","brutal.death",1
"3196","roadrunner",1
"3197","video.game.remix",1
"3198","portuguese.music",1
"3199","african.jazz",1
"3200","electrogrind",1
"3201","queercore",1
"3202","folk.pagan.metal",1
"3203","mod.jazz",1
"3204","download.festival",1
"3205","brassy",1
"3206","fierce",1
"3207","female.fronted.hardcore",1
"3208","jersey",1
"3209","central.point",1
"3210","slavic.pagan.metal",1
"3211","ska.jazz",1
"3212","country.rap",1
"3213","nova.scotia",1
"3214","microtonal",1
"3215","power.ballads",1
"3216","nederhop",1
"3217","norwegian.hardcore",1
"3218","stars",1
"3219","celtic.harp",1
"3220","cockney.rhyming.slang",1
"3221","star.trak",1
"3222","bestival.2008",1
"3223","perfect.pop",1
"3224","rome",1
"3225","dancecore",1
"3226","kenya",1
"3227","indie.country",1
"3228","bbc",1
"3229","slavonic.black.metal",1
"3230","circus.metal",1
"3231","russian.folk.metal",1
"3232","rotation",1
"3233","brazilian.popular.singers",1
"3234","african.hip.hop",1
"3235","ourense",1
"3236","long.beach",1
"3237","midwest.hip.hop",1
"3238","langerado",1
"3239","bakersfield",1
"3240","iidx",1
"3241","mall.emo",1
"3242","hurricane.festival.2007",1
"3243","funk.rap",1
"3244","jazz.trumpet",1
"3245","san.jose",1
"3246","retro.lounge",1
"3247","experimental.grindcore",1
"3248","acid.jazz.source",1
"3249","dancey",1
"3250","riot",1
"3251","cincinnati",1
"3252","new.england",1
"3253","louisiana.rap",1
"3254","uk.black.metal",1
"3255","summer.sundae.2007",1
"3256","polish.electro",1
"3257","new.world.fusion",1
"3258","ghana",1
"3259","turkish.rock",1
"3260","celtic.connections.2009",1
"3261","experimental.jazz",1
"3262","female.rapper",1
"3263","buffalo",1
"3264","irish.music",1
"3265","crustcore",1
"3266","swedish.music",1
"3267","goth.n.roll",1
"3268","X1960s.soul",1
"3269","terror.squad",1
"3270","greek.artist",1
"3271","opera.metal",1
"3272","prague",1
"3273","female.hip.hop",1
"3274","pdx",1
"3275","southern.california",1
"3276","american.hard.rock",1
"3277","garage.ny",1
"3278","indie.disco",1
"3279","mosh.hardcore",1
"3280","alternative.urban",1
"3281","la.grosse.radio",1
"3282","blackened.doom.metal",1
"3283","fight.music",1
"3284","heavy.hardcore",1
"3285","flemish",1
"3286","unplugged",1
"3287","cowboy.country",1
"3288","french.screamo",1
"3289","maine",1
"3290","nyckelharpa",1
"3291","modern.funk",1
"3292","afterdark",1
"3293","lobit",1
"3294","italian.rock",1
"3295","bordeaux",1
"3296","experimental.black.metal",1
"3297","grunge.rock",1
"3298","tin.pan.alley",1
"3299","samba.reggae",1
"3300","south.london",1
"3301","percussion.and.noise",1
"3302","danish.rap",1
"3303","dance.trance",1
"3304","perth",1
"3305","sharp",1
"3306","fueled.rock",1
"3307","german.pagan.metal",1
"3308","forest.music",1
"3309","new.west",1
"3310","womad.uk.07.artists",1
"3311","minsk",1
"3312","female.fronted.electro",1
"3313","anjunabeats",1
"3314","melodic.heavy.metal",1
"3315","indietracks",1
"3316","scum.rock",1
"3317","traditional.doom",1
"3318","son.jarocho",1
"3319","slavonic.metal",1
"3320","ethno.rock",1
"3321","raw.funk",1
"3322","indie.music",1
"3323","punk.ska.hardcore",1
"3324","stones.throw",1
"3325","scottish.pop",1
"3326","kazoo",1
"3327","jazz.avant.garde",1
"3328","polyvinyl.records",1
"3329","swing.years",1
"3330","neocrust",1
"3331","ost.composers",1
"3332","glitch.hop",1
"3333","warsaw",1
"3334","escola.de.samba",1
"3335","rio.grande.do.sul",1
"3336","greek.folk",1
"3337","hebo",1
"3338","cyprus",1
"3339","lute",1
"3340","grindcrust",1
"3341","langerado.2008",1
"3342","belfast",1
"3343","girl.punk",1
"3344","old.school.black.metal",1
"3345","egypt",1
"3346","industrial.breakcore",1
"3347","aberdeen",1
"3348","house.dance",1
"3349","modern.prog",1
"3350","modern.thrash.metal",1
"3351","soul.and.jazz",1
"3352","osnametal",1
"3353","ambient.post.rock",1
"3354","brutal.metal",1
"3355","tanzania",1
"3356","old.school.rave",1
"3357","tough.guy",1
"3358","progressive.indie",1
"3359","occult",1
"3360","traditional.doom.metal",1
"3361","muncie",1
"3362","clownstep",1
"3363","hungarian.folk",1
"3364","revival",1
"3365","central.asian",1
"3366","turkce.rap",1
"3367","french.band",1
"3368","punk.core",1
"3369","candy.pop",1
"3370","perspective",1
"3371","osnabrueck",1
"3372","ipecac",1
"3373","rhymesayers",1
"3374","brutal.technical.death.metal",1
"3375","funky.lounge",1
"3376","gainsbourg",1
"3377","new.reggae",1
"3378","melodies",1
"3379","skane",1
"3380","opera.composer",1
"3381","nebraska",1
"3382","chilean.rock",1
"3383","trancestep",1
"3384","swedish.artist",1
"3385","chilean.pop",1
"3386","wgt.2008",1
"3387","musiques.francophones",1
"3388","modern.hardcore",1
"3389","viking.folk.metal",1
"3390","folkie",1
"3391","newgaze",1
"3392","breakdown",1
"3393","live.music",1
"3394","piano.driven",1
"3395","flying.fingers",1
"3396","harmolodic",1
"3397","madrigal",1
"3398","bulgarian.black.metal",1
"3399","belarussian.pop",1
"3400","boston.folk",1
"3401","blues.and.soul",1
"3402","rock.am.ring.2009",1
"3403","instrumental.metal",1
"3404","bemani",1
"3405","new.funk",1
"3406","idol.finalists",1
"3407","urban.ac",1
"3408","progressive.punk",1
"3409","jazz.and.funk",1
"3410","urdu",1
"3411","burlesque",1
"3412","belarus",1
"3413","eurovision.winner",1
"3414","blackened.deathcore",1
"3415","roskilde",1
"3416","emo.metal",1
"3417","psytrance.progressive",1
"3418","swiss.rap",1
"3419","trance.progressive",1
"3420","techgrind",1
"3421","definitive.jux",1
"3422","granada",1
"3423","estonian.metal",1
"3424","indie.acoustic",1
"3425","new.soul",1
"3426","eier.mit.speck.07",1
"3427","intelligent.drum.and.bass",1
"3428","deep.trance",1
"3429","epic.viking.metal",1
"3430","trance.nation",1
"3431","hardcore.and.related.genres",1
"3432","techno.ambient",1
"3433","bubbleglam",1
"3434","chamber.orchestra",1
"3435","lms.artist",1
"3436","die.anderen.bands",1
"3437","schranz",1
"3438","first.wave.black.metal",1
"3439","bay.area.hardcore",1
"3440","guitar.player",1
"3441","progressive.symphonic",1
"3442","skate",1
"3443","euroskram",1
"3444","black.noise",1
"3445","arizona.pop",1
"3446","ska.pop",1
"3447","male.lead",1
"3448","viking.black.metal",1
"3449","japanese.hardcore",1
"3450","nordnorsk.punkrock",1
"3451","reading.2006",1
"3452","kenyan",1
"3453","pop.idol",1
"3454","glastonbury.2007",1
"3455","chopped.and.screwed",1
"3456","zagreb",1
"3457","jazz.experimental",1
"3458","outlaw",1
"3459","rock.in.opposition",1
"3460","vintage.jazz",1
"3461","argentina.underground",1
"3462","X1910s",1
"3463","militant",1
"3464","uk.independent",1
"3465","alternative.glam",1
"3466","trashcore",1
"3467","microsound",1
"3468","finnish.stoner",1
"3469","cordoba",1
"3470","brash",1
"3471","glam.goth",1
"3472","swiss.hip.hop",1
"3473","finnish.blues",1
"3474","swing.dance",1
"3475","montreal.garage.punk",1
"3476","folk.hop",1
"3477","electro.wave",1
"3478","marseille",1
"3479","bay.area.indie",1
"3480","texas.hardcore",1
"3481","llengua.catalana",1
"3482","milwaukee.rock",1
"3483","kuduro",1
"3484","indietracks.2008",1
"3485","deep.funk.revival",1
"3486","extreme.grindcore",1
"3487","boston.band.crush",1
"3488","experimental.noise",1
"3489","uk.alternative",1
"3490","roskilde.2007",1
"3491","haitian",1
"3492","primeurs.de.massy.2006",1
"3493","operatic",1
"3494","rennes",1
"3495","tyneside",1
"3496","madison",1
"3497","anime.ost",1
"3498","nerdcore",1
"3499","impressionist",1
"3500","nuevo.rock.argentino",1
"3501","load.records",1
"3502","X50s.lounge",1
